oxygen_pressure_torr,free_hbs_saturation_fraction,polymer_saturation_fraction,calculated_solubility_g_per_ml,reference_status,calculation_status
0.000000,0.00000000,0.00000000,0.17837500,PROVISIONAL,COMPLETED: numerical integration finished; experimental validation is still required.
1.000000,0.01608237,0.00586539,0.18118571,PROVISIONAL,COMPLETED: numerical integration finished; experimental validation is still required.
2.000000,0.03351044,0.01166238,0.18410594,PROVISIONAL,COMPLETED: numerical integration finished; experimental validation is still required.
3.000000,0.05472734,0.01739216,0.18733716,PROVISIONAL,COMPLETED: numerical integration finished; experimental validation is still required.
4.000000,0.08246322,0.02305588,0.19111989,PROVISIONAL,COMPLETED: numerical integration finished; experimental validation is still required.
5.000000,0.11903125,0.02865469,0.19569588,PROVISIONAL,COMPLETED: numerical integration finished; experimental validation is still required.
6.000000,0.16562473,0.03418969,0.20126739,PROVISIONAL,COMPLETED: numerical integration finished; experimental validation is still required.
7.000000,0.22183331,0.03966196,0.20795965,PROVISIONAL,COMPLETED: numerical integration finished; experimental validation is still required.
8.000000,0.28561406,0.04507257,0.21579632,PROVISIONAL,COMPLETED: numerical integration finished; experimental validation is still required.
9.000000,0.35377486,0.05042256,0.22469622,PROVISIONAL,COMPLETED: numerical integration finished; experimental validation is still required.
10.000000,0.42276264,0.05571294,0.23449220,PROVISIONAL,COMPLETED: numerical integration finished; experimental validation is still required.
11.000000,0.48941465,0.06094469,0.24496461,PROVISIONAL,COMPLETED: numerical integration finished; experimental validation is still required.
12.000000,0.55141799,0.06611879,0.25587776,PROVISIONAL,COMPLETED: numerical integration finished; experimental validation is still required.
13.000000,0.60742458,0.07123618,0.26700966,PROVISIONAL,COMPLETED: numerical integration finished; experimental validation is still required.
14.000000,0.65692123,0.07629780,0.27817044,PROVISIONAL,COMPLETED: numerical integration finished; experimental validation is still required.
15.000000,0.69999508,0.08130455,0.28920989,PROVISIONAL,COMPLETED: numerical integration finished; experimental validation is still required.
16.000000,0.73709845,0.08625731,0.30001723,PROVISIONAL,COMPLETED: numerical integration finished; experimental validation is still required.
17.000000,0.76886320,0.09115696,0.31051629,PROVISIONAL,COMPLETED: numerical integration finished; experimental validation is still required.
18.000000,0.79597509,0.09600434,0.32065905,PROVISIONAL,COMPLETED: numerical integration finished; experimental validation is still required.
19.000000,0.81909903,0.10080029,0.33041914,PROVISIONAL,COMPLETED: numerical integration finished; experimental validation is still required.
20.000000,0.83884077,0.10554562,0.33978607,PROVISIONAL,COMPLETED: numerical integration finished; experimental validation is still required.
21.000000,0.85573171,0.11024112,0.34876054,PROVISIONAL,COMPLETED: numerical integration finished; experimental validation is still required.
22.000000,0.87022714,0.11488759,0.35735083,PROVISIONAL,COMPLETED: numerical integration finished; experimental validation is still required.
23.000000,0.88271138,0.11948578,0.36557013,PROVISIONAL,COMPLETED: numerical integration finished; experimental validation is still required.
24.000000,0.89350589,0.12403644,0.37343458,PROVISIONAL,COMPLETED: numerical integration finished; experimental validation is still required.
25.000000,0.90287815,0.12854031,0.38096188,PROVISIONAL,COMPLETED: numerical integration finished; experimental validation is still required.
26.000000,0.91105018,0.13299809,0.38817038,PROVISIONAL,COMPLETED: numerical integration finished; experimental validation is still required.
27.000000,0.91820615,0.13741051,0.39507837,PROVISIONAL,COMPLETED: numerical integration finished; experimental validation is still required.
28.000000,0.92449897,0.14177824,0.40170373,PROVISIONAL,COMPLETED: numerical integration finished; experimental validation is still required.
29.000000,0.93005579,0.14610196,0.40806363,PROVISIONAL,COMPLETED: numerical integration finished; experimental validation is still required.
30.000000,0.93498262,0.15038233,0.41417438,PROVISIONAL,COMPLETED: numerical integration finished; experimental validation is still required.
31.000000,0.93936811,0.15462000,0.42005136,PROVISIONAL,COMPLETED: numerical integration finished; experimental validation is still required.
32.000000,0.94328658,0.15881561,0.42570902,PROVISIONAL,COMPLETED: numerical integration finished; experimental validation is still required.
33.000000,0.94680063,0.16296978,0.43116082,PROVISIONAL,COMPLETED: numerical integration finished; experimental validation is still required.
34.000000,0.94996310,0.16708313,0.43641934,PROVISIONAL,COMPLETED: numerical integration finished; experimental validation is still required.
35.000000,0.95281881,0.17115624,0.44149625,PROVISIONAL,COMPLETED: numerical integration finished; experimental validation is still required.
36.000000,0.95540588,0.17518971,0.44640241,PROVISIONAL,COMPLETED: numerical integration finished; experimental validation is still required.
37.000000,0.95775687,0.17918411,0.45114790,PROVISIONAL,COMPLETED: numerical integration finished; experimental validation is still required.
38.000000,0.95989968,0.18314001,0.45574209,PROVISIONAL,COMPLETED: numerical integration finished; experimental validation is still required.
39.000000,0.96185830,0.18705796,0.46019367,PROVISIONAL,COMPLETED: numerical integration finished; experimental validation is still required.
40.000000,0.96365344,0.19093851,0.46451071,PROVISIONAL,COMPLETED: numerical integration finished; experimental validation is still required.
41.000000,0.96530303,0.19478219,0.46870071,PROVISIONAL,COMPLETED: numerical integration finished; experimental validation is still required.
42.000000,0.96682265,0.19858952,0.47277068,PROVISIONAL,COMPLETED: numerical integration finished; experimental validation is still required.
43.000000,0.96822589,0.20236101,0.47672709,PROVISIONAL,COMPLETED: numerical integration finished; experimental validation is still required.
44.000000,0.96952459,0.20609717,0.48057601,PROVISIONAL,COMPLETED: numerical integration finished; experimental validation is still required.
45.000000,0.97072918,0.20979850,0.48432309,PROVISIONAL,COMPLETED: numerical integration finished; experimental validation is still required.
46.000000,0.97184882,0.21346547,0.48797360,PROVISIONAL,COMPLETED: numerical integration finished; experimental validation is still required.
47.000000,0.97289156,0.21709857,0.49153247,PROVISIONAL,COMPLETED: numerical integration finished; experimental validation is still required.
48.000000,0.97386456,0.22069825,0.49500431,PROVISIONAL,COMPLETED: numerical integration finished; experimental validation is still required.
49.000000,0.97477414,0.22426499,0.49839344,PROVISIONAL,COMPLETED: numerical integration finished; experimental validation is still required.
50.000000,0.97562594,0.22779923,0.50170392,PROVISIONAL,COMPLETED: numerical integration finished; experimental validation is still required.
51.000000,0.97642497,0.23130141,0.50493953,PROVISIONAL,COMPLETED: numerical integration finished; experimental validation is still required.
52.000000,0.97717572,0.23477196,0.50810387,PROVISIONAL,COMPLETED: numerical integration finished; experimental validation is still required.
53.000000,0.97788218,0.23821132,0.51120029,PROVISIONAL,COMPLETED: numerical integration finished; experimental validation is still required.
54.000000,0.97854798,0.24161990,0.51423196,PROVISIONAL,COMPLETED: numerical integration finished; experimental validation is still required.
55.000000,0.97917635,0.24499811,0.51720186,PROVISIONAL,COMPLETED: numerical integration finished; experimental validation is still required.
56.000000,0.97977020,0.24834636,0.52011282,PROVISIONAL,COMPLETED: numerical integration finished; experimental validation is still required.
57.000000,0.98033218,0.25166505,0.52296751,PROVISIONAL,COMPLETED: numerical integration finished; experimental validation is still required.
58.000000,0.98086468,0.25495455,0.52576846,PROVISIONAL,COMPLETED: numerical integration finished; experimental validation is still required.
59.000000,0.98136985,0.25821527,0.52851804,PROVISIONAL,COMPLETED: numerical integration finished; experimental validation is still required.
60.000000,0.98184966,0.26144756,0.53121853,PROVISIONAL,COMPLETED: numerical integration finished; experimental validation is still required.
61.000000,0.98230591,0.26465181,0.53387210,PROVISIONAL,COMPLETED: numerical integration finished; experimental validation is still required.
62.000000,0.98274022,0.26782838,0.53648078,PROVISIONAL,COMPLETED: numerical integration finished; experimental validation is still required.
63.000000,0.98315409,0.27097762,0.53904653,PROVISIONAL,COMPLETED: numerical integration finished; experimental validation is still required.
64.000000,0.98354887,0.27409988,0.54157121,PROVISIONAL,COMPLETED: numerical integration finished; experimental validation is still required.
65.000000,0.98392582,0.27719552,0.54405659,PROVISIONAL,COMPLETED: numerical integration finished; experimental validation is still required.
66.000000,0.98428608,0.28026486,0.54650439,PROVISIONAL,COMPLETED: numerical integration finished; experimental validation is still required.
67.000000,0.98463070,0.28330825,0.54891621,PROVISIONAL,COMPLETED: numerical integration finished; experimental validation is still required.
68.000000,0.98496065,0.28632601,0.55129363,PROVISIONAL,COMPLETED: numerical integration finished; experimental validation is still required.
69.000000,0.98527682,0.28931846,0.55363813,PROVISIONAL,COMPLETED: numerical integration finished; experimental validation is still required.
70.000000,0.98558005,0.29228592,0.55595115,PROVISIONAL,COMPLETED: numerical integration finished; experimental validation is still required.
71.000000,0.98587108,0.29522870,0.55823408,PROVISIONAL,COMPLETED: numerical integration finished; experimental validation is still required.
72.000000,0.98615062,0.29814711,0.56048825,PROVISIONAL,COMPLETED: numerical integration finished; experimental validation is still required.
73.000000,0.98641934,0.30104145,0.56271494,PROVISIONAL,COMPLETED: numerical integration finished; experimental validation is still required.
74.000000,0.98667782,0.30391201,0.56491541,PROVISIONAL,COMPLETED: numerical integration finished; experimental validation is still required.
75.000000,0.98692664,0.30675910,0.56709087,PROVISIONAL,COMPLETED: numerical integration finished; experimental validation is still required.
76.000000,0.98716631,0.30958299,0.56924248,PROVISIONAL,COMPLETED: numerical integration finished; experimental validation is still required.
77.000000,0.98739733,0.31238396,0.57137138,PROVISIONAL,COMPLETED: numerical integration finished; experimental validation is still required.
78.000000,0.98762014,0.31516231,0.57347869,PROVISIONAL,COMPLETED: numerical integration finished; experimental validation is still required.
79.000000,0.98783518,0.31791829,0.57556550,PROVISIONAL,COMPLETED: numerical integration finished; experimental validation is still required.
80.000000,0.98804283,0.32065217,0.57763286,PROVISIONAL,COMPLETED: numerical integration finished; experimental validation is still required.
81.000000,0.98824346,0.32336423,0.57968183,PROVISIONAL,COMPLETED: numerical integration finished; experimental validation is still required.
82.000000,0.98843742,0.32605472,0.58171342,PROVISIONAL,COMPLETED: numerical integration finished; experimental validation is still required.
83.000000,0.98862504,0.32872390,0.58372864,PROVISIONAL,COMPLETED: numerical integration finished; experimental validation is still required.
84.000000,0.98880661,0.33137202,0.58572851,PROVISIONAL,COMPLETED: numerical integration finished; experimental validation is still required.
85.000000,0.98898242,0.33399933,0.58771400,PROVISIONAL,COMPLETED: numerical integration finished; experimental validation is still required.
86.000000,0.98915275,0.33660608,0.58968612,PROVISIONAL,COMPLETED: numerical integration finished; experimental validation is still required.
87.000000,0.98931783,0.33919249,0.59164584,PROVISIONAL,COMPLETED: numerical integration finished; experimental validation is still required.
88.000000,0.98947791,0.34175882,0.59359415,PROVISIONAL,COMPLETED: numerical integration finished; experimental validation is still required.
89.000000,0.98963320,0.34430529,0.59553204,PROVISIONAL,COMPLETED: numerical integration finished; experimental validation is still required.
90.000000,0.98978393,0.34683214,0.59746051,PROVISIONAL,COMPLETED: numerical integration finished; experimental validation is still required.
91.000000,0.98993028,0.34933958,0.59938058,PROVISIONAL,COMPLETED: numerical integration finished; experimental validation is still required.
92.000000,0.99007245,0.35182785,0.60129327,PROVISIONAL,COMPLETED: numerical integration finished; experimental validation is still required.
93.000000,0.99021060,0.35429715,0.60319963,PROVISIONAL,COMPLETED: numerical integration finished; experimental validation is still required.
94.000000,0.99034492,0.35674772,0.60510073,PROVISIONAL,COMPLETED: numerical integration finished; experimental validation is still required.
95.000000,0.99047554,0.35917975,0.60699770,PROVISIONAL,COMPLETED: numerical integration finished; experimental validation is still required.
96.000000,0.99060263,0.36159346,0.60889167,PROVISIONAL,COMPLETED: numerical integration finished; experimental validation is still required.
97.000000,0.99072633,0.36398906,0.61078383,PROVISIONAL,COMPLETED: numerical integration finished; experimental validation is still required.
98.000000,0.99084676,0.36636675,0.61267544,PROVISIONAL,COMPLETED: numerical integration finished; experimental validation is still required.
99.000000,0.99096406,0.36872672,0.61456780,PROVISIONAL,COMPLETED: numerical integration finished; experimental validation is still required.
100.000000,0.99107835,0.37106918,0.61646230,PROVISIONAL,COMPLETED: numerical integration finished; experimental validation is still required.
