temperature_c,oxygen_saturation_fraction,oxygen_saturation_percent,calculated_solubility_g_per_ml
25.0,0.0000,0.00,0.178375
25.0,0.0100,1.00,0.179299
25.0,0.0200,2.00,0.180224
25.0,0.0300,3.00,0.181150
25.0,0.0400,4.00,0.182077
25.0,0.0500,5.00,0.183007
25.0,0.0600,6.00,0.183940
25.0,0.0700,7.00,0.184877
25.0,0.0800,8.00,0.185817
25.0,0.0900,9.00,0.186762
25.0,0.1000,10.00,0.187713
25.0,0.1100,11.00,0.188669
25.0,0.1200,12.00,0.189632
25.0,0.1300,13.00,0.190602
25.0,0.1400,14.00,0.191580
25.0,0.1500,15.00,0.192566
25.0,0.1600,16.00,0.193560
25.0,0.1700,17.00,0.194564
25.0,0.1800,18.00,0.195579
25.0,0.1900,19.00,0.196603
25.0,0.2000,20.00,0.197639
25.0,0.2100,21.00,0.198687
25.0,0.2200,22.00,0.199747
25.0,0.2300,23.00,0.200819
25.0,0.2400,24.00,0.201906
25.0,0.2500,25.00,0.203006
25.0,0.2600,26.00,0.204121
25.0,0.2700,27.00,0.205252
25.0,0.2800,28.00,0.206398
25.0,0.2900,29.00,0.207561
25.0,0.3000,30.00,0.208741
25.0,0.3100,31.00,0.209939
25.0,0.3200,32.00,0.211154
25.0,0.3300,33.00,0.212389
25.0,0.3400,34.00,0.213643
25.0,0.3500,35.00,0.214917
25.0,0.3600,36.00,0.216211
25.0,0.3700,37.00,0.217527
25.0,0.3800,38.00,0.218865
25.0,0.3900,39.00,0.220224
25.0,0.4000,40.00,0.221607
25.0,0.4100,41.00,0.223014
25.0,0.4200,42.00,0.224444
25.0,0.4300,43.00,0.225899
25.0,0.4400,44.00,0.227380
25.0,0.4500,45.00,0.228887
25.0,0.4600,46.00,0.230420
25.0,0.4700,47.00,0.231980
25.0,0.4800,48.00,0.233569
25.0,0.4900,49.00,0.235186
25.0,0.5000,50.00,0.236832
25.0,0.5100,51.00,0.238508
25.0,0.5200,52.00,0.240215
25.0,0.5300,53.00,0.241954
25.0,0.5400,54.00,0.243725
25.0,0.5500,55.00,0.245530
25.0,0.5600,56.00,0.247369
25.0,0.5700,57.00,0.249243
25.0,0.5800,58.00,0.251154
25.0,0.5900,59.00,0.253104
25.0,0.6000,60.00,0.255093
25.0,0.6100,61.00,0.257125
25.0,0.6200,62.00,0.259200
25.0,0.6300,63.00,0.261321
25.0,0.6400,64.00,0.263492
25.0,0.6500,65.00,0.265715
25.0,0.6600,66.00,0.267995
25.0,0.6700,67.00,0.270336
25.0,0.6800,68.00,0.272744
25.0,0.6900,69.00,0.275224
25.0,0.7000,70.00,0.277785
25.0,0.7100,71.00,0.280434
25.0,0.7200,72.00,0.283184
25.0,0.7300,73.00,0.286044
25.0,0.7400,74.00,0.289031
25.0,0.7500,75.00,0.292159
25.0,0.7600,76.00,0.295449
25.0,0.7700,77.00,0.298924
25.0,0.7800,78.00,0.302609
25.0,0.7900,79.00,0.306535
25.0,0.8000,80.00,0.310739
25.0,0.8100,81.00,0.315262
25.0,0.8200,82.00,0.320152
25.0,0.8300,83.00,0.325465
25.0,0.8400,84.00,0.331265
25.0,0.8500,85.00,0.337627
25.0,0.8600,86.00,0.344637
25.0,0.8700,87.00,0.352394
25.0,0.8800,88.00,0.361010
25.0,0.8900,89.00,0.370616
25.0,0.9000,90.00,0.381361
25.0,0.9100,91.00,0.393416
25.0,0.9200,92.00,0.406974
25.0,0.9300,93.00,0.422259
25.0,0.9400,94.00,0.439522
25.0,0.9500,95.00,0.459051
25.0,0.9600,96.00,0.481173
25.0,0.9700,97.00,0.506259
25.0,0.9800,98.00,0.534728
25.0,0.9900,99.00,0.567054
25.0,1.0000,100.00,0.603775
