oxygen_saturation_fraction,approx_experimental_solubility_mg_per_ml,model_prediction_mg_per_ml,model_minus_experiment_mg_per_ml,absolute_error_mg_per_ml,absolute_percentage_error
0.000000,175.0000,178.3750,3.3750,3.3750,1.9286
0.100000,195.0000,193.3144,-1.6856,1.6856,0.8644
0.200000,205.0000,205.3602,0.3602,0.3602,0.1757
0.350000,225.0000,224.2033,-0.7967,0.7967,0.3541
0.500000,250.0000,246.8277,-3.1723,3.1723,1.2689
0.650000,280.0000,276.6098,-3.3902,3.3902,1.2108
0.750000,310.0000,304.2815,-5.7185,5.7185,1.8447
0.850000,355.0000,345.7152,-9.2848,9.2848,2.6154
0.900000,390.0000,378.6503,-11.3497,11.3497,2.9102
0.950000,430.0000,436.4849,6.4849,6.4849,1.5081
0.980000,475.0000,521.2801,46.2801,46.2801,9.7432
