model,rtol,atol,final_pressure_torr,final_solubility_g_mL,absolute_difference_from_first_run_g_mL,relative_difference_from_first_run_percent,status
Measured fibre binding,1e-06,1e-08,100.0,0.6164622986731424,0.0,0.0,COMPLETED
Measured fibre binding,1e-08,1e-10,100.0,0.6164622986731458,3.4416913763379853e-15,5.582971389727795e-13,COMPLETED
Measured fibre binding,1e-10,1e-12,100.0,0.6164622986731355,6.8833827526759706e-15,1.116594277945559e-12,COMPLETED
MWC fibre binding,1e-06,1e-08,100.0,0.498586399191744,0.0,0.0,COMPLETED
MWC fibre binding,1e-08,1e-10,100.0,0.49858639919174363,3.885780586188048e-16,7.793595237429797e-14,COMPLETED
MWC fibre binding,1e-10,1e-12,100.0,0.49858639919173786,6.161737786669619e-15,1.2358415305067249e-12,COMPLETED
TTS fibre binding,1e-06,1e-08,100.0,0.582595733559796,0.0,0.0,COMPLETED
TTS fibre binding,1e-08,1e-10,100.0,0.5825957335597964,4.440892098500626e-16,7.622596326556905e-14,COMPLETED
TTS fibre binding,1e-10,1e-12,100.0,0.5825957335597919,4.107825191113079e-15,7.050901602065137e-13,COMPLETED
